"","asd","fla","mip","momp","neu","pil","pro","ST"
"AF4429+20410proF+M13",NA,NA,NA,NA,NA,NA,"12",NA
"AF4430+20421proF+M13",NA,NA,NA,NA,NA,NA,"1",NA
"AF4431+20422proF+M13",NA,NA,NA,NA,NA,NA,"1",NA
"AF4432+20423proF+M13",NA,NA,NA,NA,NA,NA,"1",NA
"AF4433+20413proF+M13",NA,NA,NA,NA,NA,NA,"1",NA
"AF4437+20412mipF+M13",NA,NA,NA,NA,NA,NA,NA,NA
"AF4438+20417mipF+M13",NA,NA,NA,NA,NA,NA,NA,NA
"AF4439+20421mipF+M13",NA,NA,"15",NA,NA,NA,NA,NA
"AF4440+20400flaR+M13",NA,"6",NA,NA,NA,NA,NA,NA
"AF4441+20400proR+M13",NA,NA,NA,NA,NA,NA,NA,NA
"AF4442+20414mompR+M13",NA,NA,NA,"14",NA,NA,NA,NA
"AF4443+20417mompR+M13",NA,NA,NA,"9",NA,NA,NA,NA
"AF4444+20412asdR+M13",NA,NA,NA,NA,NA,NA,NA,NA
"AF4445+20399mipR+M13",NA,NA,"28",NA,NA,NA,NA,NA
"AF4446+20410flaR+M13",NA,"4",NA,NA,NA,NA,NA,NA
"AF4447+20412flaR+M13",NA,"1",NA,NA,NA,NA,NA,NA
"AF4448+20416flaR+M13",NA,"6",NA,NA,NA,NA,NA,NA
"AF4449+20421flaR+M13",NA,"2",NA,NA,NA,NA,NA,NA
"AJ6500+20422flaR+M13",NA,"2",NA,NA,NA,NA,NA,NA
"AJ6501+20409neuR+M13",NA,NA,NA,NA,NA,NA,NA,NA
"AJ6502+20411neuR+M13",NA,NA,NA,NA,NA,NA,NA,NA
"AJ6503+20412neuR+M13",NA,NA,NA,NA,NA,NA,NA,NA
"AJ6504+20421neuF+M13",NA,NA,NA,NA,"6",NA,NA,NA
"AJ6505+20422neuF+M13",NA,NA,NA,NA,"6",NA,NA,NA
"AJ6506+20423neuF+M13",NA,NA,NA,NA,"6",NA,NA,NA
"AJ6507+20413flaF+M13",NA,"2",NA,NA,NA,NA,NA,NA
"AJ6508+20424flaF+M13",NA,"2",NA,NA,NA,NA,NA,NA
"AJ6509+20424neuF+M13",NA,NA,NA,NA,NA,NA,NA,NA
"AJ6510+20407flaF+M13F",NA,"3",NA,NA,NA,NA,NA,NA
"AJ6511+20411flaF+M13F",NA,"1",NA,NA,NA,NA,NA,NA
"AJ6512+20417flaF+M13F",NA,"6",NA,NA,NA,NA,NA,NA
"AJ6513+20418flaF+M13F",NA,"2",NA,NA,NA,NA,NA,NA
"AJ6515+20423flaF+M13F",NA,"2",NA,NA,NA,NA,NA,NA
"AJ6516+20417pilF+M13F",NA,NA,NA,NA,NA,NA,NA,NA
"AJ6517+20418pilF+M13F",NA,NA,NA,NA,NA,"3",NA,NA
"AJ6518+20409pilF+M13F",NA,NA,NA,NA,NA,"10",NA,NA
"AJ6519+20410pilF+M13F",NA,NA,NA,NA,NA,NA,NA,NA
"AJ6520+20411pilF+M13F",NA,NA,NA,NA,NA,NA,NA,NA
"AJ6521+20412pilF+M13F",NA,NA,NA,NA,NA,NA,NA,NA
"AJ6522+20421pilF+M13F",NA,NA,NA,NA,NA,NA,NA,NA
"AJ6523+20422pilF+M13F",NA,NA,NA,NA,NA,"3",NA,NA
"AJ6525+20410mompF+M13F",NA,NA,NA,NA,NA,NA,NA,NA
"AJ6526+20412mompF+M13F",NA,NA,NA,NA,NA,NA,NA,NA
"AJ6527+20416mompF+M13F",NA,NA,NA,NA,NA,NA,NA,NA
"AJ6528+20424pilF+M13F",NA,NA,NA,NA,NA,NA,NA,NA
"AJ6530+20424asdF+M13F","9",NA,NA,NA,NA,NA,NA,NA
"AJ6531+20424mipF+M13F",NA,NA,"10",NA,NA,NA,NA,NA
"AJ6598+20450flaf+M13F",NA,"5",NA,NA,NA,NA,NA,NA
"AJ6599+20450pilf+M13F",NA,NA,NA,NA,NA,NA,NA,NA
"AJ6602+20434asdf+M13F","15",NA,NA,NA,NA,NA,NA,NA
"AJ6603+20450mipf+M13F",NA,NA,"30",NA,NA,NA,NA,NA
"AJ6604+20428mompf+M13F",NA,NA,NA,NA,NA,NA,NA,NA
"AJ6607+20450asdf+M13F","22",NA,NA,NA,NA,NA,NA,NA
"AJ6608+20450mompf+M13F",NA,NA,NA,NA,NA,NA,NA,NA
"AJ6610+20428neuf+M13F",NA,NA,NA,NA,"13",NA,NA,NA
"AJ6622+20411mipR+M13R",NA,NA,"1",NA,NA,NA,NA,NA
"AJ6623+20449BmipR+M13R",NA,NA,"28",NA,NA,NA,NA,NA
"AJ6624+20451mipR+M13R",NA,NA,"30",NA,NA,NA,NA,NA
"AJ6625+20434mipR+M13R",NA,NA,"28",NA,NA,NA,NA,NA
"AJ6627+20427mompR+M13R",NA,NA,NA,"9",NA,NA,NA,NA
"AJ6651+20449BflaF+M13F",NA,"6",NA,NA,NA,NA,NA,NA
"AJ6652+20449BpilF+M13F",NA,NA,NA,NA,NA,NA,NA,NA
"AJ6654+20449BmompF+M13F",NA,NA,NA,NA,NA,NA,NA,NA
"AJ6655+20451mompF+M13F",NA,NA,NA,NA,NA,NA,NA,NA
"AJ6659+20434pilF+M13F",NA,NA,NA,NA,NA,"10",NA,NA
"AJ6680+20424mompH+M13F",NA,NA,NA,"2",NA,NA,NA,NA
"AJ6681+20464flaF+M13F",NA,"6",NA,NA,NA,NA,NA,NA
"AJ6682+20468BflaF+M13F",NA,"6",NA,NA,NA,NA,NA,NA
"AJ6683+20465pilF+M13F",NA,NA,NA,NA,NA,NA,NA,NA
"AJ6684+20471pilF+M13F",NA,NA,NA,NA,NA,"10",NA,NA
"AJ6685+20464neuF+M13F",NA,NA,NA,NA,"6",NA,NA,NA
"AJ6686+20471neuF+M13F",NA,NA,NA,NA,"9",NA,NA,NA
"AJ6689+20463asdF+M13F","3",NA,NA,NA,NA,NA,NA,NA
"AJ6690+20463mipF+M13F",NA,NA,"15",NA,NA,NA,NA,NA
